customer_id,first_name,email,loyalty_status,total_loyalty_points,segment_id,historic_annual_spend
CUST0001,Wanda,samuel87@example.org,Silver,3289,MS,3381.81
CUST0002,John,morganbrianna@example.org,Silver,3946,MS,4568.08
CUST0003,Brianna,jonescrystal@example.org,Gold,9488,HS,9459.14
CUST0004,Carlos,heathchad@example.org,Silver,2944,HS,2800.28
CUST0005,Joshua,ilewis@example.net,Gold,7271,LS,12658.14
CUST0006,Selena,esanchez@example.com,Bronze,244,HS,274.6
CUST0007,James,hopkinsmichael@example.com,Silver,1960,MS,2086.86
CUST0008,Stuart,nuneztracey@example.org,Gold,5660,HS,6383.74
CUST0009,Bruce,lauren13@example.org,Bronze,156,HS,706.42
CUST0010,James,ltaylor@example.com,Bronze,338,MS,542.61
CUST0011,Steven,ramosmichelle@example.net,Bronze,852,LS,420.14
CUST0012,Corey,novaksara@example.org,Gold,5160,LS,13567.32
CUST0013,Gabriel,zolson@example.org,Bronze,6,MS,942.74
CUST0014,Franklin,gallowayjoseph@example.com,Silver,4495,MS,4566.57
CUST0015,Justin,smoore@example.org,Silver,4009,LS,3184.53
CUST0016,Tanya,adkinsbrian@example.net,Gold,8999,MS,7194.22
CUST0017,Thomas,brianromero@example.org,Bronze,398,LS,336.13
CUST0018,Casey,leonardjoe@example.org,Silver,3966,MS,1660.18
CUST0019,Shelly,bethwilliams@example.org,Gold,9375,MS,5269.66
CUST0020,Robert,sarah35@example.org,Silver,3715,LS,1108.41
CUST0021,Joseph,emilyevans@example.com,Bronze,887,HS,461.7
CUST0022,Sarah,smithchristine@example.net,Bronze,335,MS,211.66
CUST0023,Wendy,medinawilliam@example.org,Bronze,900,MS,379.13
CUST0024,Sarah,suarezmike@example.org,Bronze,83,LS,470.31
CUST0025,Samuel,cheryl80@example.net,Silver,4899,LS,2399.84
CUST0026,Lisa,sarah12@example.com,Bronze,980,HS,651.75
CUST0027,Darrell,newtoneric@example.com,Gold,6633,LS,13392.29
CUST0028,Cassandra,james48@example.com,Bronze,129,HS,473.56
CUST0029,John,davisrodney@example.com,Silver,1892,MS,2860.14
CUST0030,Bradley,kellie42@example.net,Silver,1687,LS,3423.57
CUST0031,Scott,hhoffman@example.org,Silver,4185,MS,4277.2
CUST0032,Sierra,amydavenport@example.net,Bronze,26,LS,928.89
CUST0033,Angela,tanderson@example.com,Silver,4924,LS,2501.23
CUST0034,Rachel,nolanjason@example.org,Bronze,606,LS,690.61
CUST0035,Elizabeth,kimberly69@example.net,Bronze,713,LS,772.48
CUST0036,Eric,michellecherry@example.org,Silver,1495,LS,4184.91
CUST0037,Nicole,whitesandra@example.com,Silver,2422,LS,3130.98
CUST0038,Leah,josephcobb@example.org,Bronze,518,HS,647.54
CUST0039,Patrick,garrisonjeffrey@example.com,Gold,9015,MS,6055.39
CUST0040,Michael,jeffreykeller@example.com,Silver,4394,HS,2838.96
CUST0041,Mark,rasmussenjoshua@example.net,Bronze,751,LS,521.75
CUST0042,William,sheila14@example.org,Bronze,827,MS,919.62
CUST0043,Beverly,benjamin96@example.com,Bronze,845,MS,731.03
CUST0044,Jessica,samuel81@example.com,Bronze,251,HS,830.73
CUST0045,Rachel,jonathanfletcher@example.org,Bronze,461,MS,243.86
CUST0046,April,michaeljones@example.net,Silver,3736,HS,2515.96
CUST0047,Samantha,elizabeth14@example.net,Bronze,332,HS,181.84
CUST0048,Kyle,snguyen@example.com,Bronze,264,LS,340.34
CUST0049,Angela,robertbentley@example.net,Silver,2131,LS,3223.16
CUST0050,Kaitlin,christinaturner@example.net,Gold,5701,MS,7413.56
CUST0051,Martha,justin69@example.net,Bronze,776,MS,240.32
CUST0052,Diana,rramos@example.org,Silver,3010,HS,2792.7
CUST0053,William,donnacampbell@example.net,Bronze,226,HS,404.4
CUST0054,Cynthia,clarence34@example.org,Bronze,595,LS,369.02
CUST0055,Lindsay,andrewsanchez@example.com,Silver,2742,LS,4986.53
CUST0056,Cheryl,gibsonolivia@example.net,Bronze,719,MS,453.75
CUST0057,James,psnyder@example.org,Bronze,123,MS,721.28
CUST0058,Diana,staffordmichelle@example.org,Bronze,548,LS,950.88
CUST0059,Kimberly,gregoryrubio@example.net,Bronze,221,MS,738.6
CUST0060,Steven,samanthamartinez@example.org,Silver,5000,LS,4040.83
CUST0061,Laurie,stephanie79@example.net,Bronze,102,MS,832.63
CUST0062,Patricia,jrivas@example.com,Bronze,183,LS,302.27
CUST0063,Phyllis,wcole@example.org,Silver,2123,HS,1182.06
CUST0064,Mary,katie87@example.net,Silver,3856,LS,4776.36
CUST0065,John,sjones@example.org,Gold,9021,HS,6025.88
CUST0066,Joseph,patricia12@example.org,Silver,2922,MS,2914.86
CUST0067,Jesse,jasminebrown@example.com,Bronze,52,MS,252.48
CUST0068,Mark,nperry@example.com,Bronze,66,HS,400.71
CUST0069,Perry,gateskathy@example.com,Silver,3811,HS,1214.44
CUST0070,Thomas,kenneth66@example.net,Gold,7489,HS,5851.81
CUST0071,Julie,tracynelson@example.com,Bronze,782,LS,416.17
CUST0072,Anthony,elizabeth62@example.com,Silver,1924,MS,4102.77
CUST0073,Samantha,meadowsbrittany@example.net,Bronze,453,LS,297.35
CUST0074,Anthony,dtaylor@example.org,Gold,7501,HS,10686.29
CUST0075,Brent,dmurphy@example.com,Silver,4031,HS,1396.93
CUST0076,Matthew,aramirez@example.com,Silver,2083,HS,3641.71
CUST0077,Mary,ismith@example.org,Bronze,565,HS,75.06
CUST0078,Zoe,jeffrey10@example.org,Bronze,705,MS,593.81
CUST0079,Stefanie,maryhowell@example.org,Bronze,295,LS,706.96
CUST0080,David,elliottjeffery@example.net,Gold,5583,MS,11873.85
CUST0081,Jonathan,gary91@example.org,Silver,3560,HS,3359.16
CUST0082,Tami,lanesarah@example.net,Bronze,557,HS,224.81
CUST0083,Erica,tsanders@example.org,Gold,6165,HS,5714.1
CUST0084,Charles,curtisbarton@example.net,Silver,3437,LS,3995.83
CUST0085,Caroline,hoganashlee@example.org,Gold,8597,LS,6243.54
CUST0086,Michael,estanley@example.net,Bronze,412,LS,942.68
CUST0087,Deborah,atkinsonlynn@example.org,Silver,2793,HS,1321.77
CUST0088,Ryan,cynthia72@example.com,Gold,7640,HS,11037.14
CUST0089,Gregory,christina87@example.com,Bronze,984,LS,674.3
CUST0090,Ryan,marcus31@example.com,Silver,1084,LS,4998.29
CUST0091,Nicole,karenhudson@example.net,Gold,9720,HS,5402.32
CUST0092,Nicholas,snydermark@example.com,Bronze,667,MS,442.23
CUST0093,Jason,matthew94@example.net,Bronze,599,MS,435.88
CUST0094,Alejandro,christophercortez@example.com,Gold,8850,MS,8479.61
CUST0095,Angela,hannahbrewer@example.com,Bronze,107,MS,857.73
CUST0096,Shane,davisjeffrey@example.net,Bronze,507,MS,288.22
CUST0097,John,thomas85@example.com,Gold,9506,HS,5366.97
CUST0098,Wendy,michael74@example.com,Bronze,331,MS,115.92
CUST0099,John,griffithleslie@example.net,Gold,5009,LS,11576.6
CUST0100,Amanda,jamesrodgers@example.com,Bronze,55,MS,187.58
